"","VerticalWaterDistance","SoilMoistureAvrg","pH","SalinityAdjusted","BulkDensityIncRoots"
"s1t1p1",0,76.2,7.52,4214,0.32
"s1t1p2",37.5,51,8.14,3950.1,0.335
"s1t1p3",11.6,63.67,9.04,7567.7,0.363
"s1t1p4",23.2,53.93,9.14,5031.86,0.917
"s1t1p5",43,55.03,8.88,36034,0.591
"s1t1p6",5.5,83.77,6.83,4130.58,0.143
"s1t2p1",129,58.13,8.08,5555.6,0.611
"s1t2p2",8,72.93,7.55,5172.04,0.392
"s1t2p3",2.5,84.27,7.29,2356.4,0.206
"s1t2p4",14,61.57,7.14,4260.44,0.212
"s1t2p6",11,70,7.72,4445.34,0.259
"s1t3p1",97,39.27,8.92,16492,0.67
"s1t3p2",17,62.87,8.18,4719.6,0.427
"s1t3p3",0,100,7.13,3796.9,0.2
"s1t3p4",3,94.6,7.05,3304.98,0.29
"s1t3p5",31,44.1,8.05,3316.16,0.608
"s1t3p6",17,45.37,7.78,6082.78,0.522
"s1t4p1",37,67.83,7.28,3485.58,0.245
"s1t4p2",14,72.5,7.5,5215.5,0.295
"s1t4p3",8,78.33,7.29,6026.02,0.254
"s1t4p4",0,100,6.83,3821.84,0.102
"s1t4p5",36,42.13,7.71,31218,0.269
"s1t4p6",61.5,16.33,9.22,8154.52,0.891
"s1t5p1",17.5,65.3,7.53,2595.4,0.386
"s1t5p2",24,60.13,7.81,6260.8,0.338
"s1t5p3",8,100,7.19,3404.8,0.174
"s1t5p4",47.5,45.4,7.33,9042.1,0.279
"s1t5p5",31,43.5,7.83,7905.12,0.387
"s1t5p6",20,68.5,7.45,2882.72,0.349
"s2t1p1",82.5,55.63,8.25,12435.5,0.438
"s2t1p2",4.5,73.4,7.6,2175.8,0.25
"s2t1p3",12,100,7.19,5612.36,0.182
"s2t1p4",8,59,9.14,12530.5,0.455
"s2t1p5",0,90.23,7.58,5639.88,0.485
"s2t1p6",78,36.4,8.9,47988,0.94
"s2t2p1",50,51.3,7.99,4770.42,0.675
"s2t2p2",5,64.8,7.96,4937.26,0.236
"s2t2p3",5,74.2,7.6,2163.76,0.221
"s2t2p4",13,72.87,7.08,3956.86,0.211
"s2t2p5",0,77.7,7.72,1971.25,0.208
"s2t2p6",8,49.27,8.35,2324.58,0.878
"s2t3p1",125,50.5,8.38,4680.65,0.667
"s2t3p2",2,53.5,8.68,1397.5,0.464
"s2t3p3",10,63.53,7.77,5863.4,0.317
"s2t3p4",0,100,7.14,3637.8,0.2
"s2t3p5",0,41.43,7.99,7125.1,1.12
"s2t3p6",16,77.8,8.44,14503.8,0.727
"s2t4p1",16,61.67,8.94,13502,1.119
"s2t4p2",40.5,46.13,8.25,4970.8,1.094
"s2t4p3",-3,100,7.4,3049.5,0.281
"s2t4p4",22,62.77,7.49,3901.26,0.42
"s2t4p5",12,47.2,8.62,9368.9,0.464
"s2t5p1",9.5,67.67,7.8,4449.12,0.447
"s2t5p2",4,80.5,6.71,4423.84,0.204
"s2t5p3",3,74.07,7.44,4589.45,0.272
"s2t5p4",-1,93.73,7.37,2632.45,0.17
"s2t5p5",1,51.33,8.58,7034.6,1.046
"s2t5p6",46,21.37,9.21,16653.2,1.408
"s3t1p1",197,15.47,8.43,8684.34,0.997
"s3t1p2",82,41.33,8.07,12960.2,0.878
"s3t1p3",7,55.07,7.75,2929.8,0.96
"s3t1p4",66,32.9,8.58,12321.5,1.223
"s3t1p5",74,26.23,8.6,8264.05,0.941
"s3t1p6",10,57.83,7.75,8079.9,0.575
"s3t2p1",174,14.03,8.2,13566,0.675
"s3t2p2",83,55.47,8.08,27950,0.753
"s3t2p3",2,47.2,7.72,3521.7,1.055
"s3t2p4",34.5,46.13,8.13,13604,0.861
"s3t2p5",6,61.2,7.72,5952.06,0.69
"s3t2p6",1,61.4,7.21,8462.16,0.442
"s3t3p1",81,27.33,8.31,3428.82,1.187
"s3t3p2",81,40.33,8.69,8689.65,0.744
"s3t3p3",45,43.47,7.92,2384.5,0.76
"s3t3p4",10,15.93,8.67,8142.45,1.066
"s3t3p5",9,58.03,7.6,11060.7,0.711
"s3t3p6",15,62.33,7.53,13841.4,0.586
"s3t4p1",35,51.07,8.25,2367.58,0.83
"s3t4p2",43,28.13,7.88,3808.55,0.574
"s3t4p3",4,70.47,7.35,2779.52,0.64
"s3t4p4",9,77.77,7.39,3268.95,0.371
"s3t4p5",47,21,7.61,4355.75,0.46
"s3t4p6",11,10.13,7.72,2954.5,0.656
"s3t5p1",10,60.77,7.77,6378.36,0.704
"s3t5p2",47,46.57,9.17,15870,1.275
"s3t5p4",8,49.8,8.12,7800.45,0.763
"s3t5p5",55,24.57,8.59,10312.74,0.955
"s3t5p6",44,20.2,8.71,7857.72,1.24
